name,1,2,3,4,5,6,7,8,9,10,11,12,13,14,15,16,17,18,19,20,21,22,23,24,25,26,27,28,29,30,31,32,33,34,35,36,37,38,39,40,41,42,43,44,45,46,47,48,49,50,51,52,53,54,55,56,57,58,59,60,61,62,63,64,65,66,67,68,69,70,71,72,73,74,75,76,77,78,79,80,81,82,83,84,85,86,87,88,89,90,91,92,93,94,95,96,97,98,99,100,101,102,103,104,105,106,107,108,109,110,111,112,113,114,115,116,117,118,119,120,121,122,123,124,125,126,127,128,129,130,131,132,133,134,135,136,137,138,139,140,141,142,143,144,145,146,147,148,149,150,151,152,153,154,155,156,157,158,159,160,161,162,163,164,165,166,167,168,169,170,171,172,173,174,175,176,177,178,179,180,181,182,183,184,185,186,187,188,189,190,191,192,193,194,195,196,197,198,199,200,201,202,203,204,205,206,207,208,209,210,211,212,213,214,215,216,217,218,219,220,221,222,223,224,225,226,227,228,229,230,231,232,233,234,235,236,237,238,239,240,241,242,243,244,245,246,247,248,249,250,251,252,253,254,255,256,257,258,259,260,261,262,263,264,265,266,267,268,269,270,271,272,273,274,275,276,277,278,279,280,281,282,283,284,285,286,287,288,289,290,291,292,293,294,295,296,297,298,299,300,301,302,303,304,305,306,307,308,309,310,311,312,313,314,315,316,317,318,319,320,321,322,323,324,325,326,327,328,329,330,331,332,333,334,335,336,337,338,339,340,341,342,343,344,345,346,347,348,349,350,351,352,353,354,355,356,357,358,359,360,361,362,363,364,365,366,367,368,369,370,371,372,373,374,375,376,377,378,379,380,381,382,383,384,385,386,387,388,389,390,391,392,393,394,395,396,397,398,399,400,401,402,403,404,405,406,407,408,409,410,411,412,413,414,415,416,417,418,419,420,421,422,423,424,425,426,427,428,429,430,431,432,433,434,435,436,437,438,439,440,441,442,443,444,445,446,447,448,449,450,451,452,453,454,455,456,457,458,459,460,461,462,463,464,465,466,467,468,469,470,471,472,473,474,475,476,477,478,479,480,481,482,483,484,485,486,487,488,489,490,491,492,493,494,495,496,497,498,499,500,501,502,503,504,505,506,507,508,509,510,511,512,513,514,515,516,517,518,519,520,521,522,523,524,525,526,527,528,529,530,531,532,533,534,535,536,537,538,539,540,541,542,543,544,545,546,547,548,549,550,551,552,553,554,555,556,557,558,559,560,561,562,563,564,565,566,567,568,569,570,571,572,573,574,575,576,577,578,579,580,581,582,583,584,585,586,587,588,589,590,591,592,593,594,595,596,597,598,599,600,601,602,603,604,605,606,607,608,609,610,611,612,613,614,615,616,617,618,619,620,621,622,623,624,625,626,627,628,629,630,631,632,633,634,635,636,637,638,639,640,641,642,643,644,645,646,647,648,649,650,651,652,653,654,655,656,657,658,659,660,661,662,663,664,665,666,667,668,669,670,671,672,673,674,675,676,677,678,679,680,681,682,683,684,685,686,687,688,689,690,691,692,693,694,695,696,697,698,699,700,701,702,703,704,705,706,707,708,709,710,711,712,713,714,715,716,717,718,719,720,721,722,723,724,725,726,727,728,729,730,731,732,733,734,735,736,737,738,739,740,741,742,743,744,745,746,747,748,749,750,751,752,753,754,755,756,757,758,759,760,761,762,763,764,765,766,767,768,769,770,771,772,773,774,775,776,777,778,779,780,781,782,783,784,785,786,787,788,789,790,791,792,793,794,795,796,797,798,799,800,801,802,803,804,805,806,807,808,809,810,811,812,813,814,815,816,817,818,819,820,821,822,823,824,825,826,827,828,829,830,831,832,833,834,835,836,837,838,839,840,841,842,843,844,845,846,847,848,849,850,851,852,853,854,855,856,857,858,859,860,861,862,863,864,865,866,867,868,869,870,871,872,873,874,875,876,877,878,879,880,881,882,883,884,885,886,887,888,889,890,891,892,893,894,895,896,897,898,899,900,901,902,903,904,905,906,907,908,909,910,911,912,913,914,915,916,917,918,919,920,921,922,923,924,925,926,927,928,929,930,931,932,933,934,935,936,937,938,939,940,941,942,943,944,945,946,947,948,949,950,951,952,953,954,955,956,957,958,959,960,961,962,963,964,965,966,967,968,969,970,971,972,973,974,975,976,977,978,979,980,981,982,983,984,985,986,987,988,989,990,991,992,993,994,995,996,997,998,999,1000
best_opp,0,0,0,0,0,0,0,0,0,0,0,0,0,0,0,0,0,0,0,0,0,0,0,0,0,0,0,0,0,0,0,0,0,0,0,0,0,0,0,0,0,0,0,0,0,0,0,0,0,0,0,0,0,0,0,0,0,0,0,0,0,0,0,0,0,0,0,0,0,0,0,0,0,0,0,0,0,0,0,0,0,0,0,0,0,0,0,0,0,0,0,0,0,0,0,0,0,0,0,0,0,0,0,0,0,0,0,0,0,0,0,0,0,0,0,0,0,0,0,0,0,0,0,0,0,0,0,0,0,0,0,0,0,0,0,0,0,0,0,0,0,0,0,0,0,0,0,0,0,0,0,0,0,0,0,0,0,0,0,0,0,0,0,0,0,0,0,0,0,0,0,0,0,0,0,0,0,0,0,0,0,0,0,0,0,0,0,0,0,0,0,0,0,0,0,0,0,0,0,0,0,0,0,0,0,0,0,0,0,0,0,0,0,0,0,0,0,0,0,0,0,0,0,0,0,0,0,0,0,0,0,0,0,0,0,0,0,0,0,0,0,0,0,0,0,0,0,0,0,0,0,0,0,0,0,0,0,0,0,0,0,0,0,0,0,0,0,0,0,0,0,0,0,0,0,0,0,0,0,0,0,0,0,0,0,0,0,0,0,0,0,0,0,0,0,0,0,0,0,0,0,0,0,0,0,0,0,0,0,0,0,0,0,0,0,0,0,0,0,0,0,0,0,0,0,0,0,0,0,0,0,0,0,0,0,0,0,0,0,0,0,0,0,0,0,0,0,0,0,0,0,0,0,0,0,0,0,0,0,0,0,0,0,0,0,0,0,0,0,0,0,0,0,0,0,0,0,0,0,0,0,0,0,0,0,0,0,0,0,0,0,0,0,0,0,0,0,0,0,0,0,0,0,0,0,0,0,0,0,0,0,0,0,0,0,0,0,0,0,0,0,0,0,0,0,0,0,0,0,0,0,0,0,0,0,0,0,0,0,0,0,0,0,0,0,0,0,0,0,0,0,0,0,0,0,0,0,0,0,0,0,0,0,0,0,0,0,0,0,0,0,0,0,0,0,0,0,0,0,0,0,0,0,0,0,0,0,0,0,0,0,0,0,0,0,0,0,0,0,0,0,0,0,0,0,0,0,0,0,0,0,0,0,0,0,0,0,0,0,0,0,0,0,0,0,0,0,0,0,0,0,0,0,0,0,0,0,0,0,0,0,0,0,0,0,0,0,0,0,0,0,0,0,0,0,0,0,0,0,0,0,0,0,0,0,0,0,0,0,0,0,0,0,0,0,0,0,0,0,0,0,0,0,0,0,0,0,0,0,0,0,0,0,0,0,0,0,0,0,0,0,0,0,0,0,0,0,0,0,0,0,0,0,0,0,0,0,0,0,0,0,0,0,0,0,0,0,0,0,0,0,0,0,0,0,0,0,0,0,0,0,0,0,0,0,0,0,0,0,0,0,0,0,0,0,0,0,0,0,0,0,0,0,0,0,0,0,0,0,0,0,0,0,0,0,0,0,0,0,0,0,0,0,0,0,0,0,0,0,0,0,0,0,0,0,0,0,0,0,0,0,0,0,0,0,0,0,0,0,0,0,0,0,0,0,0,0,0,0,0,0,0,0,0,0,0,0,0,0,0,0,0,0,0,0,0,0,0,0,0,0,0,0,0,0,0,0,0,0,0,0,0,0,0,0,0,0,0,0,0,0,0,0,0,0,0,0,0,0,0,0,0,0,0,0,0,0,0,0,0,0,0,0,0,0,0,0,0,0,0,0,0,0,0,0,0,0,0,0,0,0,0,0,0,0,0,0,0,0,0,0,0,0,534,534,534,534,534,534,534,534,534,531,531,531,531,531,531,531,531,531,531,531,531,531,531,531,528,528,528,528,528,528,525,525,522,522,522,522,522,522,522,518,518,518,518,518,518,515,515,515,515,515,515,515,515,511,511,511,511,511,511,511,511,507,503,500,496,492,489,485,481,478,474,471,467,464,460,457,453,450,447,443,440,437,433,430,427,424,421,418,414,411,408,405,402,399,396,393,390,387,384,382,379,376,373,370,368,365,362,359,357,354,351,349,346,344,341,339,336,333,331,329,326,324,321,319,316,314,312,309,307,305,303,300,298,296,294,291,289,287,285,283,281,279,277,274,272,270,268,266,264,262,260,259,257,255,253,251,249,247,245,243,242,240,238,236,235,233,231,229,228,226,224,223,221,219,218,216,214,213,211,210,208,206,205,203,202,200,0
KoKonuts,0,0,0,1105,1113,1081,1107,1076,1094,1114,1104,1116,1116,1080,1091,1095,1112,1107,1073,1086,1096,1088,1084,1083,1106,1080,1077,1100,1089,1081,1069,1099,1077,1098,1083,0,1074,1068,1072,1080,1079,1028,0,1057,1029,1030,1068,1056,1057,1010,0,1006,1037,1018,1025,0,1016,987,1018,1013,984,1029,1009,1005,1003,995,1000,1023,976,1022,985,1000,1010,987,972,984,972,993,999,981,947,0,942,935,930,0,931,878,0,0,886,880,811,810,0,795,843,809,0,759,0,0,0,0,0,0,711,707,731,0,0,0,0,0,665,0,667,0,0,0,0,0,0,0,0,0,0,0,0,0,0,0,0,0,0,0,0,0,0,0,0,0,0,0,0,0,632,622,597,562,0,0,0,0,490,476,0,0,0,425,0,0,412,0,0,407,401,0,386,360,0,0,359,332,0,257,0,0,0,0,214,0,0,0,0,0,0,0,0,0,0,0,0,0,0,0,0,0,0,0,0,0,0,0,0,0,0,0,0,0,0,141,0,0,0,0,0,0,0,0,0,0,0,0,0,0,151,0,0,0,0,0,0,0,0,0,0,0,0,0,0,0,0,0,0,0,0,0,0,0,0,0,0,0,0,0,0,0,0,0,0,0,0,0,0,0,0,0,0,0,0,0,0,0,0,0,0,0,0,0,0,0,0,0,0,0,0,0,0,0,0,0,0,0,0,122,0,0,0,0,0,0,0,0,0,0,0,0,0,0,0,0,0,0,0,0,0,0,0,0,0,0,0,0,0,0,0,0,0,0,0,0,0,0,0,0,0,0,0,0,0,0,0,0,0,0,0,0,0,0,0,0,0,0,0,0,0,0,0,0,0,0,0,0,0,0,0,0,0,0,0,0,0,0,0,0,0,0,0,0,0,0,0,0,0,0,0,0,0,0,0,0,0,0,0,0,0,103,0,0,0,0,0,0,0,0,0,0,0,0,0,0,0,0,0,0,0,0,0,0,0,0,0,0,0,0,0,0,0,0,0,0,0,0,0,0,0,0,0,0,0,0,0,0,0,0,0,0,0,0,0,0,0,0,0,0,0,0,0,0,0,0,0,0,0,0,0,0,0,0,0,0,0,0,0,0,0,0,0,0,0,0,0,0,0,0,0,0,0,0,0,0,0,0,0,0,0,0,0,0,0,0,0,0,0,0,0,0,0,0,0,0,0,0,0,0,0,0,0,0,83,0,0,0,0,0,0,0,0,0,0,0,0,0,0,0,65,0,0,0,0,0,0,0,0,0,0,0,0,0,0,0,0,0,0,0,0,0,0,0,0,0,0,0,0,0,0,0,0,0,0,0,0,0,0,0,0,0,0,0,0,0,0,0,0,0,0,0,0,0,0,0,0,0,0,0,0,0,0,0,0,0,0,0,0,0,0,0,0,0,0,0,0,0,0,0,0,0,0,0,0,0,0,0,0,0,0,0,0,0,0,0,0,0,0,0,0,0,0,0,0,0,0,0,0,0,0,0,0,0,0,0,0,0,0,0,0,0,0,0,0,0,0,0,0,0,0,0,0,0,0,0,0,0,0,0,0,0,0,0,0,0,0,0,0,0,0,0,0,0,0,0,0,0,0,0,0,0,0,0,0,0,0,0,0,0,0,0,0,0,0,0,0,0,0,0,0,0,0,0,0,0,0,0,0,0,0,0,0,0,0,0,0,0,0,0,0,0,0,0,0,0,0,0,0,0,0,0,0,0,0,0,0,0,0,0,0,0,0,0,0,0,0,0,0,0,0,0,0,0,0,0,0,0,0,0,0,0,0,0,0,0,0,0,0,0,0,0,0,0,0,0,0,29,0,0,0,0,0,0,0,0,0,0,0,0,0,0,0,0,0,0,0,0,0,0,0,0,0,0,0,0,0,0,0,0,0,0,0,0,0,0,0,0,0,0,0,0,0,0,0,0,0,0,0,0,0,0,0,0,0,0,0,0,0,0,0,0,0,0,0,0,0,0,0,0,0,0,0,0,0,0,0,0,0,0,0,0,0,0,0,0,0,0,0,0,0,0,0,0,0,0,0,0,0,0,0,0,0,0,0,0,0,0,0,0,0,0,0,0,0,0,0,0,0,0,0,0,0,0,0,0,0,0,0,0,0,0,0,0,0,0,0,0,0,0,0,0,0,0,0,0,0,0,0,0,0,0,0,0,0,0,0,0,0,0,0,0,0,0,0,0,0,0,0,0,0,0,0,0,0,0,0,0,0,0,0,0,0,0,0,0,0,0,0,0,0,0,0,0,0,0,0,0,0,0,0,0,0,0
mostdefinitelynotsomerandomcodeiwrotelastsecond,168,164,180,168,164,169,179,170,177,178,174,180,170,171,163,178,173,168,173,160,169,166,167,161,166,163,171,169,156,169,160,163,169,170,158,154,154,173,173,166,154,156,154,157,157,159,169,153,164,158,161,152,155,164,159,165,158,166,153,150,161,151,158,154,149,152,149,151,147,150,161,155,144,154,152,162,149,155,154,162,158,148,145,152,145,155,144,150,147,159,152,146,152,141,146,145,154,151,141,137,147,148,147,136,146,139,143,143,136,148,141,150,146,143,140,152,142,135,147,132,140,137,135,142,132,133,146,141,132,142,145,145,149,147,139,142,136,145,133,145,129,138,137,140,143,130,140,135,127,138,128,125,137,127,126,139,140,142,130,131,124,133,133,122,141,124,121,126,141,123,140,131,123,139,132,130,130,138,136,130,122,127,120,128,121,122,119,131,119,119,121,135,119,131,115,135,130,132,131,125,125,127,113,117,126,115,132,121,129,126,120,127,122,120,126,119,129,119,115,121,114,122,116,114,119,125,110,109,124,120,110,110,115,117,121,123,113,114,109,115,115,125,110,106,119,125,118,121,106,119,119,113,121,107,106,114,108,115,111,116,122,104,115,108,102,104,107,104,118,112,112,112,111,105,114,113,100,114,119,107,108,107,114,106,99,112,105,116,105,115,102,109,96,107,99,114,98,109,102,105,105,102,104,112,97,111,104,107,100,94,103,103,105,108,100,111,101,99,104,99,99,107,100,111,111,100,101,90,102,94,103,102,102,94,91,101,98,93,104,101,98,97,92,99,105,98,99,90,107,105,96,97,87,93,99,99,97,99,90,92,105,86,102,84,103,87,85,104,103,83,101,101,92,96,84,89,89,93,90,100,101,96,90,100,85,94,94,94,93,95,94,87,83,100,93,84,94,81,81,96,93,79,99,82,78,97,78,97,81,95,97,91,80,92,90,94,77,82,80,87,78,79,90,79,82,76,75,89,89,82,80,82,74,92,85,91,80,75,92,87,86,73,83,78,73,83,86,82,77,78,87,78,71,88,91,82,83,84,75,85,76,84,74,88,88,82,85,75,79,87,84,80,81,87,70,73,78,68,70,79,69,78,67,81,74,79,85,78,73,67,83,86,74,78,72,74,68,80,80,69,85,82,80,77,74,64,82,65,82,82,76,65,81,66,70,64,73,64,75,79,71,66,70,73,71,62,73,70,74,79,64,69,65,61,79,68,70,64,66,71,62,73,61,61,60,72,77,71,72,64,65,73,63,62,77,66,65,70,62,71,75,63,66,76,68,71,67,67,61,63,76,72,58,66,67,75,76,62,61,66,74,59,68,61,60,68,68,63,71,61,69,62,60,61,63,61,56,58,70,60,62,62,61,59,63,63,59,58,63,59,69,71,63,58,65,69,57,53,64,61,69,56,72,66,60,67,60,73,72,66,71,65,69,68,67,57,53,64,61,56,55,52,71,58,53,63,61,60,62,61,62,57,53,59,70,66,53,54,65,55,52,49,53,60,66,54,57,51,69,69,63,69,61,50,54,68,48,61,56,49,49,52,49,50,51,64,59,49,47,51,57,65,48,63,63,65,64,57,60,59,55,49,64,66,66,47,52,53,50,47,48,57,46,48,52,50,52,52,48,59,58,49,62,60,55,56,55,54,57,58,53,46,51,50,56,49,47,45,61,54,44,52,58,54,59,52,46,48,57,57,51,49,53,42,51,57,61,43,51,50,59,52,56,54,51,45,60,48,52,56,43,47,59,47,56,59,44,45,58,52,46,42,46,54,48,49,51,49,43,59,42,56,43,55,45,53,41,53,43,50,54,43,50,57,39,38,54,44,56,47,43,37,39,39,57,45,53,55,44,42,46,52,56,39,45,41,39,49,52,45,45,49,50,41,53,40,47,36,42,37,50,38,53,50,34,45,34,50,34,53,36,35,42,53,52,46,38,46,46,46,42,38,37,42,42,42,42,42,42,42,42,42,42,42,41,41,41,41,41,41,41,41,41,41,41,41,40,40,40,40,40,40,40,40,40,40,40,40,39,39,39,39,39,39,39,39,39,39,39,39,38,38,38,38,38,38,38,38,38,38,38,38,38,37,37,37,37,37,37,37,37,37,37,37,37,36,36,36,36,36,36,36,36,36,36,36,36,36,36,35,35,35,35,35,35,35,35,35,35,35,35,35,34,34,34,34,34,34,34,34,34,34,34,34,34,34,33,33,33,33,33,33,33,33,33,33,33,33,33,33,33,32,32,32,32,32,32,32,32,32
hotncold,14,315,257,273,0,0,0,0,0,0,0,0,0,0,0,0,0,0,0,0,0,0,0,0,0,0,0,0,0,0,0,0,0,0,0,0,0,0,0,0,0,0,0,0,0,0,0,0,0,0,0,0,0,0,0,0,0,0,0,0,0,0,0,0,0,0,0,0,0,0,0,0,0,0,0,0,0,0,0,0,0,0,0,0,0,0,0,0,0,0,0,0,0,0,0,0,0,0,0,0,0,0,0,0,0,0,0,0,0,0,0,0,0,0,0,0,0,0,0,0,0,0,0,0,0,0,0,0,0,0,0,0,0,0,0,0,0,0,0,0,0,0,0,0,0,502,346,562,0,0,0,0,0,463,510,556,0,371,441,0,0,0,0,0,505,0,0,0,547,0,0,389,0,0,0,419,484,0,0,0,369,0,0,0,0,0,0,0,0,0,0,0,0,0,0,0,0,0,0,0,0,0,0,0,0,0,465,336,0,0,427,242,0,0,0,454,414,394,440,480,453,457,545,0,379,427,347,437,427,441,490,512,0,545,0,247,397,255,335,342,485,0,0,381,255,331,0,494,0,433,389,387,483,432,506,0,522,0,360,430,379,433,427,478,0,0,463,362,430,0,0,463,413,406,0,0,522,348,409,408,0,0,0,426,0,461,0,0,425,447,504,482,0,0,432,193,292,401,344,390,379,443,523,0,544,544,457,0,0,0,491,554,427,0,0,417,309,343,401,431,395,525,528,0,457,512,465,530,0,476,426,427,465,593,0,514,531,449,0,0,0,0,0,408,230,260,363,381,289,362,310,421,376,381,541,0,548,539,491,0,0,541,0,0,0,0,0,462,0,444,0,439,0,501,0,367,445,342,452,509,486,0,0,474,360,429,510,479,546,0,420,388,532,0,0,310,386,488,506,398,570,0,353,276,212,0,562,0,300,329,278,311,461,413,477,509,470,0,0,465,406,489,0,0,0,560,422,492,620,0,420,0,0,0,432,239,531,0,0,441,339,425,434,515,586,0,516,434,391,432,536,511,521,0,508,563,482,0,454,334,407,523,501,482,570,0,0,0,509,470,0,0,314,157,231,283,343,303,333,406,388,392,465,500,572,0,0,458,416,365,0,597,0,404,348,398,469,314,421,440,448,447,533,540,0,453,443,31,0,0,0,0,0,0,0,0,0,0,0,0,0,0,0,0,0,0,0,0,0,0,0,0,0,0,0,0,0,0,0,0,0,0,0,0,0,0,0,0,0,0,0,0,0,0,0,0,0,0,0,0,0,0,0,0,0,0,0,0,0,0,0,0,0,0,0,0,0,0,0,0,0,0,0,0,0,0,0,0,0,0,0,0,0,0,0,0,0,0,0,0,0,0,0,0,0,0,0,0,0,0,0,0,0,0,0,0,0,0,0,0,0,0,0,0,0,0,0,0,0,0,0,0,0,0,0,0,0,0,0,0,0,0,0,0,0,0,0,0,0,0,0,0,0,0,0,0,0,0,0,0,0,0,0,0,0,0,0,0,0,0,0,0,0,0,0,0,0,0,0,0,0,0,0,0,0,0,0,0,0,0,0,0,0,0,0,0,0,0,0,0,0,0,0,0,0,0,0,0,0,0,0,0,0,0,0,0,0,0,0,0,0,0,0,0,0,0,0,0,0,0,0,0,0,0,0,0,0,0,0,0,0,0,0,0,0,0,0,0,0,0,0,0,0,0,0,0,0,0,0,0,0,0,0,0,0,0,0,0,0,0,0,0,0,0,0,0,0,0,0,0,0,0,0,0,0,0,0,0,0,0,0,0,0,0,0,0,0,0,0,0,0,0,0,0,0,0,0,0,0,0,0,0,0,0,0,0,0,0,0,0,0,0,0,0,0,0,0,0,0,0,0,0,0,0,0,0,0,0,0,0,0,0,0,0,0,0,0,0,0,0,0,0,0,0,0,0,0,0,0,0,0,0,0,0,0,0,0,0,0,0,0,0,0,0,0,0,0,0,0,0,0,0,0,0,0,0,0,0,0,0,0,0,0,0,0,0,0,0,0,0,0,0,0,0,0,0,0,0,0,0,0,0,0,0,0,0,0,0,0,0,0,0,0,0,0,0,0,0,0,0,0,0,0,0,0,0,0,0,0,0,0,0,0,0,0,0,0,0,0,0,0,0,0,0,0,0,0,0,0,0,0,0,0,0,0,0,0,0,0,0,0,0,0,0,0,0,0,0,0,0,0,0,0,0,0,0,0,0,0,0,0,0,0,0,0,0,0,0,0,0
Kr√ºmelmonster,0,0,0,235,235,0,235,235,235,235,235,0,0,235,0,0,0,235,0,0,0,0,235,0,235,235,0,0,0,235,0,235,0,0,235,235,0,0,235,235,0,0,0,0,235,235,0,0,235,235,235,0,235,235,235,235,235,235,0,0,0,235,235,0,0,235,0,235,0,0,235,0,0,235,0,0,0,235,0,235,0,0,235,235,0,0,0,235,0,235,0,0,0,235,235,235,0,0,0,0,0,235,0,235,235,235,235,0,0,235,0,235,235,235,235,235,0,0,0,235,0,235,0,0,235,0,0,235,235,235,0,235,0,235,0,0,0,235,235,235,235,0,235,235,0,235,0,235,235,235,235,235,0,0,0,0,0,0,235,0,0,235,235,235,0,235,0,235,0,235,0,0,0,0,235,0,235,0,235,235,235,0,0,0,0,0,0,235,0,235,235,235,235,235,0,235,0,0,0,235,0,0,0,235,235,235,0,0,0,0,235,235,0,235,235,0,0,235,0,0,235,235,235,0,0,235,0,235,0,0,0,0,0,0,0,0,235,0,235,0,0,0,0,235,0,235,0,0,235,235,0,235,0,235,235,235,235,235,235,235,235,0,0,0,0,235,0,235,0,235,0,235,0,0,0,235,235,0,0,0,0,0,0,235,0,0,0,235,0,0,0,0,0,0,0,0,235,0,235,235,0,0,0,0,0,0,235,0,235,0,235,235,235,0,235,0,235,235,0,0,0,0,0,235,0,0,0,0,0,0,235,0,235,0,0,235,0,0,0,0,235,235,0,0,0,0,0,0,0,235,0,0,0,235,0,235,0,235,0,0,0,0,0,0,0,235,235,235,0,235,0,0,235,0,235,0,235,235,0,0,0,0,0,0,235,0,235,0,235,0,0,0,235,235,0,0,0,235,0,0,235,0,0,235,235,0,0,0,0,0,235,0,0,0,0,235,235,0,0,235,235,0,0,235,0,0,0,235,0,0,235,235,0,0,0,235,0,235,235,0,0,235,0,235,0,235,0,0,0,235,235,0,235,235,0,0,235,235,235,0,0,235,235,235,235,235,0,235,235,0,235,0,0,0,0,235,0,0,0,235,0,0,235,235,0,0,235,235,0,0,235,0,235,0,235,0,0,235,235,235,0,0,0,235,0,0,0,0,0,0,235,0,235,235,0,0,235,0,0,235,0,235,0,235,235,0,235,0,0,0,235,0,235,0,0,0,0,235,235,0,0,235,0,0,0,235,0,235,235,235,0,0,235,0,0,0,0,235,235,235,0,235,0,0,235,0,235,235,235,235,0,0,235,235,235,0,0,235,0,0,0,0,235,235,235,0,0,0,0,235,0,0,235,0,0,235,235,0,235,235,0,235,0,0,0,235,0,235,0,235,0,0,0,0,235,0,235,235,0,0,0,235,235,0,0,235,235,235,0,235,0,0,0,235,0,0,235,0,235,0,235,0,235,235,0,0,235,0,235,0,235,0,0,0,0,235,235,235,0,0,0,235,0,235,0,235,0,0,0,0,235,235,0,0,0,235,235,235,235,0,0,0,0,235,0,0,0,235,235,0,235,0,235,0,235,0,235,0,0,0,0,0,0,235,235,0,235,235,235,0,0,235,235,235,0,235,0,235,0,0,235,0,235,235,235,0,235,0,235,235,0,235,0,0,0,0,235,0,0,0,0,235,235,0,0,0,235,235,0,0,0,235,235,235,235,0,0,0,235,235,235,0,0,0,0,235,235,0,0,235,0,0,235,0,0,0,235,0,0,0,0,235,235,0,0,235,0,0,235,235,0,0,0,0,0,0,235,0,235,235,235,0,0,0,0,0,0,235,235,0,0,0,0,0,0,235,0,0,235,235,0,235,235,0,235,235,0,0,235,235,235,0,235,235,0,0,235,0,0,235,235,0,0,0,0,235,235,235,235,235,235,0,235,235,235,0,235,0,235,235,0,0,0,0,235,235,0,235,235,235,0,235,235,235,0,0,235,235,0,235,235,0,0,0,0,0,0,235,0,0,0,0,235,0,235,235,0,235,235,0,235,235,0,235,235,0,0,0,0,0,235,0,235,0,235,235,235,0,0,235,0,235,0,235,0,235,235,0,235,0,0,0,0,0,0,0,235,0,235,235,235,235,0,235,0,235,235,0,0,0,0,0,0,0,235,0,235,235,235,0,0,235,235,235,235,0,0,235,0,0,0,0,0,235,235,0,0,0,0,0,0,235,0,0,0,0,0,0,0,235,235,0,235,0,235,235,125,0,0,0
Antoooooon,0,0,0,449,449,448,506,607,606,606,605,605,604,680,679,773,773,795,795,794,794,794,794,793,793,792,792,791,791,790,790,790,790,788,788,787,787,787,786,786,784,789,788,789,788,788,787,787,785,785,784,785,784,783,782,781,782,781,781,780,780,779,779,778,778,777,671,671,671,670,670,670,669,669,668,668,668,667,666,665,664,664,665,664,663,663,767,765,765,662,662,766,765,765,764,765,660,764,763,764,763,764,764,661,661,661,662,661,765,765,765,661,662,662,662,662,662,661,764,661,661,662,662,662,662,663,663,663,662,662,662,663,662,664,664,663,664,664,665,665,665,666,665,1,1,1,1,1,1,1,1,1,1,1,1,1,1,1,1,1,1,1,1,1,1,1,1,1,1,1,1,1,1,1,1,1,1,1,1,1,1,1,1,1,1,1,1,1,1,1,1,1,1,1,1,1,1,1,1,1,1,1,1,1,1,1,1,1,1,1,1,1,1,1,1,1,1,1,1,1,1,1,1,1,1,1,1,1,1,1,1,1,1,1,1,1,1,1,1,1,1,1,1,1,1,1,1,1,1,1,1,1,1,1,1,1,0,0,0,0,0,0,0,0,0,0,0,0,0,0,0,0,0,0,0,0,0,0,0,0,0,0,0,0,0,0,0,0,0,0,0,0,0,0,0,0,0,0,0,0,0,0,0,0,0,0,0,0,0,0,0,0,0,0,0,0,0,0,0,0,0,0,0,0,0,0,0,0,0,0,0,0,0,0,0,0,0,0,0,0,0,0,0,0,0,0,0,0,0,0,0,0,0,0,0,0,0,0,0,0,0,0,0,0,0,0,0,0,0,0,0,0,0,0,0,0,0,0,0,0,0,0,0,0,0,0,0,0,0,0,0,0,0,0,0,0,0,0,0,0,0,0,0,0,0,0,0,0,0,0,0,0,0,0,0,0,0,0,0,0,0,0,0,0,0,0,0,0,0,0,0,0,0,0,0,0,0,0,0,0,0,0,0,0,0,0,0,0,0,0,0,0,0,0,0,0,0,0,0,0,0,0,0,0,0,0,0,0,0,0,0,0,0,0,0,0,0,0,0,0,0,0,0,0,0,0,0,0,0,0,0,0,0,0,0,0,0,0,0,0,0,0,0,0,0,0,0,0,0,0,0,0,0,0,0,0,0,0,0,0,0,0,0,0,0,0,0,0,0,0,0,0,0,0,0,0,0,0,0,0,0,0,0,0,0,0,0,0,0,0,0,0,0,0,0,0,0,0,0,0,0,0,0,0,0,0,0,0,0,0,0,0,0,0,0,0,0,0,0,0,0,0,0,0,0,0,0,0,0,0,0,0,0,0,0,0,0,0,0,0,0,0,0,0,0,0,0,0,0,0,0,0,0,0,0,0,0,0,0,0,0,0,0,0,0,0,0,0,0,0,0,0,0,0,0,0,0,0,0,0,0,0,0,0,0,0,0,0,0,0,0,0,0,0,0,0,0,0,0,0,0,0,0,0,0,0,0,0,0,0,0,0,0,0,0,0,0,0,0,0,0,0,0,0,0,0,0,0,0,0,0,0,0,0,0,0,0,0,0,0,0,0,0,0,0,0,0,0,0,0,0,0,0,0,0,0,0,0,0,0,0,0,0,0,0,0,0,0,0,0,0,0,0,0,0,0,0,0,0,0,0,0,0,0,0,0,0,0,0,0,0,0,0,0,0,0,0,0,0,0,0,0,0,0,0,0,0,0,0,0,0,0,0,0,0,0,0,0,0,0,0,0,0,0,0,0,0,0,0,0,0,0,0,0,0,0,0,0,0,0,0,0,0,0,0,0,0,0,0,0,0,0,0,0,0,0,0,0,0,0,0,0,0,0,0,0,0,0,0,0,0,0,0,0,0,0,0,0,0,0,0,0,0,0,0,0,0,0,0,0,0,0,0,0,0,0,0,0,0,0,0,0,0,0,0,0,0,0,0,0,0,0,0,0,0,0,0,0,0,0,0,0,0,0,0,0,0,0,0,0,0,0,0,0,0,0,0,0,0,0,0,0,0,0,0,0,0,0,0,0,0,0,0,0,0,0,0,0,0,0,0,0,0,0,0,0,0,0,0,0,0,0,0,0,0,0,0,0,0,0,0,0,0,0,0,0,0,0,0,0,0,0,0,0,0,0,0,0,0,0,0,0,0,0,0,0,0,0,0,0,0,0,0,0,0,0,0,0,0,0,0,0,0,0,0,0,0,0,0,0,0,0,0,0,0,0,0,0,0,0
brokkoli71,101,287,0,344,0,783,0,966,0,0,0,0,0,0,0,0,0,0,0,0,0,0,0,0,0,0,0,0,0,0,0,0,1321,0,0,0,0,0,0,1326,0,0,0,0,0,0,0,1326,0,0,0,0,1322,0,0,0,0,0,0,0,0,0,0,0,0,0,0,0,0,0,0,0,0,0,0,0,0,0,1312,0,0,0,0,0,0,0,1301,0,0,0,0,0,0,0,0,0,0,0,0,0,0,0,0,0,0,0,0,0,0,0,0,0,0,0,0,0,1221,1218,0,0,0,0,0,0,0,0,0,0,0,0,0,0,0,0,1186,0,0,0,0,0,0,1170,1167,0,0,0,0,0,1145,1143,0,0,0,0,0,0,0,0,1114,0,0,0,0,0,1095,0,0,0,0,0,0,1073,0,0,0,0,0,0,0,0,0,0,0,0,0,0,0,0,0,0,0,0,0,0,0,1143,0,0,0,0,0,0,0,0,0,0,0,1352,0,0,0,0,0,0,0,0,0,0,0,0,0,0,0,0,0,0,0,0,0,0,0,0,0,0,0,0,0,0,0,0,1240,0,0,0,0,1224,0,0,0,0,0,0,0,0,0,0,0,0,0,0,0,0,0,1176,0,0,0,0,1163,0,0,0,0,1150,0,0,0,0,0,1135,0,1130,0,0,0,0,0,0,0,0,0,1109,0,0,0,0,0,0,0,0,0,0,0,0,0,0,0,0,0,0,0,0,1070,0,0,0,0,0,0,0,0,0,0,0,0,0,0,0,0,0,0,0,0,0,0,0,0,0,0,1028,0,0,0,0,0,0,0,0,0,0,0,0,0,0,0,0,0,0,0,0,0,996,0,994,0,990,0,0,0,0,0,981,0,0,0,0,0,0,0,0,970,0,0,0,0,0,0,0,0,0,0,957,0,0,0,0,0,0,0,0,0,0,0,0,942,0,0,0,0,0,0,0,0,0,0,0,928,0,0,924,0,922,922,0,0,0,0,0,0,0,913,912,0,0,0,906,0,0,0,0,0,0,0,0,0,0,0,0,0,0,0,0,0,0,0,0,0,0,0,0,0,0,0,0,0,884,0,0,881,0,0,0,0,0,0,0,0,0,0,0,0,0,0,0,0,0,0,0,0,863,0,0,0,0,0,0,0,0,0,0,0,0,0,0,0,0,0,851,0,0,0,0,0,0,0,0,0,0,0,0,0,0,0,0,0,0,0,0,0,0,0,826,0,0,0,0,0,0,0,0,816,0,0,812,0,0,0,0,0,0,0,804,803,0,0,0,0,0,0,0,0,0,0,0,0,0,0,0,0,0,786,0,0,0,0,0,0,0,0,0,776,0,0,0,0,771,0,0,0,0,0,0,0,0,0,0,0,0,0,0,757,0,0,0,753,0,0,750,0,0,0,746,0,0,0,0,0,0,0,0,0,0,0,0,0,0,0,0,0,730,0,0,0,0,0,726,0,0,0,722,0,0,0,0,0,717,0,0,0,0,0,713,0,0,710,0,0,0,0,0,0,0,704,0,0,0,701,0,0,0,0,0,0,0,0,0,0,0,0,692,0,0,0,0,688,0,0,0,0,0,0,0,0,0,0,0,0,0,0,678,0,0,0,0,0,0,0,673,672,0,0,0,0,0,0,668,0,0,0,0,0,0,0,0,0,0,661,0,0,0,0,0,658,0,0,0,0,0,0,0,0,0,0,0,651,0,0,0,648,0,0,0,0,0,645,0,0,0,0,0,641,0,0,0,0,0,638,0,0,0,636,635,0,634,0,0,0,0,0,630,0,0,0,0,0,0,0,0,0,0,0,624,0,623,0,0,0,0,620,620,0,0,0,0,0,0,0,0,0,0,0,0,0,0,0,0,0,0,0,0,0,613,0,0,0,0,0,0,0,0,0,0,0,0,0,0,615,0,0,0,0,0,615,0,616,0,0,0,0,0,0,616,0,0,0,0,0,616,0,0,0,0,0,0,0,617,0,0,0,0,0,0,0,0,618,0,619,0,0,620,0,0,622,0,0,0,0,0,0,0,0,626,0,0,0,0,0,0,0,0,0,630,0,0,0,0,0,633,0,0,0,0,635,0,0,0,0,0,0,0,0,0,0,0,0,640,0,0,641,0,0,0,643,644,0,0,645,0,646,0,0,0,0,0,0,0,0,0,0,0,0,0,0,0,0,652,0,0,0,654,0,655,0,0,0,0,0,0,657,0,0,0,0,0,0,0,0,0,0,0,0,0,0,0,663,664,0,0,0,665,0,0,0,0,0,667,0,0,0,218
STONKS,100,220,137,150,99,99,99,99,99,99,99,134,139,166,211,231,99,99,99,99,99,99,99,99,99,99,99,99,99,99,99,99,99,99,99,99,99,99,99,99,99,99,99,99,99,99,99,99,99,99,99,99,99,99,99,99,99,99,99,99,99,99,99,99,99,99,99,99,99,99,99,99,99,99,99,99,590,759,98,98,98,98,947,97,97,946,96,96,96,160,96,913,226,232,95,95,95,900,316,312,93,93,93,93,93,93,93,93,836,253,92,228,92,92,92,92,92,92,92,92,92,763,91,91,91,91,733,727,90,90,90,705,89,89,89,89,89,89,89,89,89,89,89,89,89,89,89,89,89,89,89,89,89,652,88,88,88,636,88,88,624,620,87,87,87,87,87,598,86,86,86,149,86,577,257,323,85,85,354,468,689,1507,929,546,543,1365,537,534,2486,528,2933,3144,3352,3558,3762,512,29405,507,504,502,4873,3469,494,2585,0,0,0,0,0,0,0,0,0,0,0,0,0,0,0,0,0,0,0,0,0,0,0,0,0,0,0,0,0,0,0,0,0,0,0,0,0,0,0,0,0,0,0,0,0,0,0,0,0,0,0,0,0,0,0,0,0,0,0,0,0,0,0,0,0,0,0,0,0,0,0,0,0,0,0,0,0,0,0,0,0,0,0,0,0,0,0,0,0,0,0,0,0,0,0,0,0,0,0,0,0,0,0,0,0,0,0,0,0,0,0,0,0,0,0,0,0,0,0,0,0,0,0,0,0,0,0,0,0,0,0,0,0,0,0,0,0,0,0,0,0,0,0,0,0,0,0,0,0,0,0,0,0,0,0,0,0,0,0,0,0,0,0,0,0,0,0,0,0,0,0,0,0,0,0,0,0,0,0,0,0,0,0,0,0,0,0,0,0,0,0,0,0,0,0,0,0,0,0,0,0,0,0,0,0,0,0,0,0,0,0,0,0,0,0,0,0,0,0,0,0,0,0,0,0,0,0,0,0,0,0,0,0,0,0,0,0,0,0,0,0,0,0,0,0,0,0,0,0,0,0,0,0,0,0,0,0,0,0,0,0,0,0,0,0,0,0,0,0,0,0,0,0,0,0,0,0,0,0,0,0,0,0,0,0,0,0,0,0,0,0,0,0,0,0,0,0,0,0,0,0,0,0,0,0,0,0,0,0,0,0,0,0,0,0,0,0,0,0,0,0,0,0,0,0,0,0,0,0,0,0,0,0,0,0,0,0,0,0,0,0,0,0,0,0,0,0,0,0,0,0,0,0,0,0,0,0,0,0,0,0,0,0,0,0,0,0,0,0,0,0,0,0,0,0,0,0,0,0,0,0,0,0,0,0,0,0,0,0,0,0,0,0,0,0,0,0,0,0,0,0,0,0,0,0,0,0,0,0,0,0,0,0,0,0,0,0,0,0,0,0,0,0,0,0,0,0,0,0,0,0,0,0,0,0,0,0,0,0,0,0,0,0,0,0,0,0,0,0,0,0,0,0,0,0,0,0,0,0,0,0,0,0,0,0,0,0,0,0,0,0,0,0,0,0,0,0,0,0,0,0,0,0,0,0,0,0,0,0,0,0,0,0,0,0,0,0,0,0,0,0,0,0,0,0,0,0,0,0,0,0,0,0,0,0,0,0,0,0,0,0,0,0,0,0,0,0,0,0,0,0,0,0,0,0,0,0,0,0,0,0,0,0,0,0,0,0,0,0,0,0,0,0,0,0,0,0,0,0,0,0,0,0,0,0,0,0,0,0,0,0,0,0,0,0,0,0,0,0,0,0,0,0,0,0,0,0,0,0,0,0,0,0,0,0,0,0,0,0,0,0,0,0,0,0,0,0,0,0,0,0,0,0,0,0,0,0,0,0,0,0,0,0,0,0,0,0,0,0,0,0,0,0,0,0,0,0,0,0,0,0,0,0,0,0,0,0,0,0,0,0,0,0,0,0,0,0,0,0,0,0,0,0,0,0,0,0,0,0,0,0,0,0,0,0,0,0,0,0,0,0,0,0,0,0,0,0,0,0,0,0,0,0,0,0,0,0,0,0,0,0,0,0,0,0,0,0,0,0,0,0,0,0,0,0,0,0,0,0,0,0,0,0,0,0,0,0,0,0,0,0,0,0,0,0,0,0,0,0,0,0,0,0,0,0,0,0,0,0,0,0,0,0,0,0,0,0,0,0,0,0,0,0,0,0,0,0,0,0,0,0,0,0,0,0,0,0,0,0,0,0,0,0,0,0,0,0,0,0,0,0,0,0,0,0,0
platypus,0,1,1,1,1,1,1,1,1,1,1,1,1,1,1,1,1,1,1,1,1,1,1,1,1,1,1,1,1,1,1,1,1,1,1,1,1,1,1,1,1,1,1,1,1,1,1,1,1,1,1,1,1,1,1,1,1,1,1,1,1,1,1,1,1,1,1,1,1,1,1,1,1,1,1,1,1,1,1,1,1,1,1,1,1,1,1,1,1,1,1,1,1,1,1,1,1,1,1,1,1,1,1,1,1,1,1,1,1,1,1,1,1,1,1,1,1,1,1,1,1,1,1,1,1,1,1,1004,1004,1,1,1,1002,1,1,1,1,1,1,1,1,1,1,1,1,1,1,1,1,1,988,1,1,1,1,1,1,1,1,1,1,1,1,1,1,1,1,1,1,1,1,1,1,1,1,1,949,1,1,1,1,1,1,1,1,1,1,1,1,1,1,1,1,1,1,1,1,1,1,1,1,1,1,1,1,1,1,1,1,1,1,930,931,1,1,1,1,1,1,1,1,1,1,1,1,1,1,1,1,1,1,789,1,1,1,1,1,1,1,767,768,1,1,1,1,1,1,1,1,1,1,1,1,1,1,1,767,1,1,1,1,1,1,1,1,1,765,1,1,1,1,1,1,1,1,1,1,1,1,1,1,1,1,1,708,1,691,1,1,1,1,1,1,1,1,1,1,1,1,1,1,1,665,1,1,1,1,665,666,1,1,1,663,1,1,1,1,1,1,1,1,1,1,1,1,1,1,1,1,1,1,1,1,664,1,1,1,1,663,1,662,1,1,1,1,1,1,1,1,1,1,1,1,637,1,1,1,1,1,625,1,1,621,1,1,1,1,1,601,1,1,1,1,1,1,1,1,1,555,1,1,1,1,1,1,1,1,1,1,1,1,1,1,1,1,547,1,1,545,1,1,1,1,1,546,1,1,1,1,1,1,1,1,1,1,1,1,1,1,1,1,1,1,1,1,1,1,1,1,1,1,1,1,1,1,1,1,1,1,1,1,1,532,1,1,1,1,1,1,1,1,1,528,1,1,1,1,1,1,1,1,1,1,1,1,525,1,1,523,1,1,1,1,1,1,1,1,1,1,1,1,1,1,1,1,513,1,1,1,1,1,512,1,1,1,511,1,1,1,1,1,508,1,1,1,1,1,1,1,1,1,1,1,1,507,1,1,1,504,1,1,1,1,1,1,503,1,1,496,1,1,1,1,1,493,1,1,1,1,1,1,1,1,1,1,491,1,1,1,1,1,1,1,1,1,484,1,1,1,1,1,1,1,1,1,1,1,1,1,1,1,1,1,1,1,1,1,1,1,1,1,1,1,1,1,1,1,1,1,1,1,1,1,1,1,1,1,1,1,1,1,1,1,1,1,1,1,1,1,1,1,1,1,1,1,1,1,1,1,1,1,1,1,1,1,1,1,1,1,1,1,1,1,449,1,1,1,1,1,1,1,1,1,1,1,1,1,1,444,1,1,1,1,1,1,1,1,1,1,1,1,1,1,1,1,1,1,1,1,1,1,436,1,1,1,435,1,1,1,1,1,1,1,1,1,1,1,1,1,434,1,1,1,1,1,1,1,1,1,1,1,1,1,430,1,1,1,1,1,1,1,1,1,1,1,1,1,1,1,1,1,1,427,1,1,1,1,1,425,1,1,1,422,1,1,1,1,1,1,1,1,1,1,1,1,1,1,1,1,1,1,1,1,1,1,1,1,1,1,1,1,1,1,1,1,1,1,1,1,1,1,1,1,1,1,1,1,1,1,1,1,1,1,1,403,1,1,1,1,402,1,1,401,1,1,1,1,1,1,1,1,1,1,1,400,1,1,1,1,1,1,1,392,392,1,1,1,1,1,1,396,1,1,1,1,1,1,1,1,1,1,1,1,1,1,1,1,1,407,407,1,1,1,1,1,410,1,1,1,1,1,1,1,1,1,1,1,1,1,1,1,1,422,423,1,1,1,423,1,1,1,1,426,1,1,1,427,1,1,1,1,1,1,1,1,1,1,429,1,1,1,1,1,1,1,1,1,1,435,1,1,1,1,1,1,1,1,1,1,437,1,1,1,1,1,1,1,1,1,1,1,1,1,1,1,1,447,1,1,1,1,1,1,1,1,1,1,1,1,1,455,1,1,1,1,456,1,1,1,1,1,1,1,1,1,1,1,1,1,1,1,1,1,1,1,1,1,467,1,1,1,1,1,1,472,1,473,1,1,1,1,1,1,1,1,1,1,1,1,1,1,1,1,1,1,442,40874,5324,236,9085
n1ko,220,219,0,219,218,0,218,0,217,217,0,0,216,216,0,0,0,0,215,215,0,0,0,214,214,0,213,213,212,212,0,0,211,211,0,211,210,210,209,0,0,209,0,208,208,0,207,207,0,0,0,0,206,206,205,0,0,0,205,205,204,204,0,203,203,0,202,0,202,201,0,201,201,200,200,0,0,199,0,0,199,0,0,198,0,198,0,0,0,0,0,0,0,0,197,197,0,0,0,197,196,0,196,0,0,195,195,0,0,0,0,194,194,0,194,0,193,193,192,192,0,191,191,191,190,0,0,190,189,0,0,189,189,188,0,188,187,0,187,0,0,0,186,186,186,185,0,0,0,0,0,0,0,0,185,184,0,184,0,0,0,184,0,0,183,0,0,0,183,0,182,0,0,182,0,182,181,181,0,0,180,180,0,0,180,0,0,179,0,179,0,178,0,178,0,178,0,0,0,177,177,0,176,176,0,0,0,0,0,176,175,175,0,175,174,174,0,0,0,0,0,173,0,0,0,173,0,0,173,0,172,172,0,172,0,0,171,0,171,0,0,170,0,0,170,170,169,0,0,0,169,0,169,0,168,168,167,0,0,167,0,167,166,0,166,0,0,0,166,165,165,164,164,164,163,0,163,163,162,162,162,0,0,161,0,0,0,0,161,161,0,0,0,0,160,160,159,159,159,0,158,0,158,158,157,157,0,0,0,0,0,0,157,156,156,0,156,155,0,155,0,0,0,155,0,0,0,0,0,0,154,154,0,0,154,153,0,0,0,0,153,153,0,152,0,0,0,0,0,0,0,0,152,0,0,152,151,151,0,151,150,150,150,149,149,149,0,0,0,0,148,148,0,0,148,147,0,0,0,147,147,146,0,0,0,0,0,146,0,0,0,0,0,0,0,0,146,0,145,0,145,0,0,145,144,144,144,143,143,0,0,0,0,143,0,0,143,142,0,0,0,142,142,0,141,0,141,0,141,140,0,0,0,0,140,140,0,139,0,0,139,0,139,139,0,0,138,138,0,0,0,138,137,137,0,137,0,136,0,0,136,136,0,0,136,0,135,135,135,0,134,0,134,134,0,133,0,133,0,0,0,133,133,132,132,132,131,131,0,0,0,0,131,0,131,130,0,0,130,0,0,130,0,0,129,0,0,0,0,129,129,129,128,0,128,0,0,0,0,128,127,127,0,0,0,127,0,127,0,0,126,0,0,0,0,126,0,0,0,0,0,0,0,0,126,125,125,0,125,125,0,0,0,0,124,0,124,0,0,0,124,0,124,0,123,0,0,0,123,123,122,0,122,0,122,122,121,0,0,0,121,121,0,121,120,120,120,0,120,0,0,0,119,0,119,119,118,0,118,0,0,118,118,0,0,0,0,117,0,117,0,117,117,0,0,116,0,116,116,0,0,116,115,0,0,115,115,115,114,0,0,114,0,114,0,0,114,0,0,0,0,113,0,113,0,113,113,112,112,112,112,0,0,111,0,0,0,0,111,0,111,0,0,111,0,110,110,0,0,110,0,0,110,0,0,109,109,0,0,0,0,0,109,0,109,108,0,0,108,108,0,108,108,0,107,0,107,0,107,107,106,106,0,0,106,0,0,0,106,0,0,0,0,0,105,0,0,105,0,105,0,105,104,0,104,0,0,0,0,104,104,0,104,0,103,0,0,0,103,103,0,103,0,0,102,102,102,0,102,102,101,0,101,0,0,101,101,100,100,100,100,0,100,99,99,0,99,99,0,0,0,0,98,98,98,98,98,0,97,97,0,0,0,97,0,97,0,0,97,96,0,0,0,0,96,96,0,96,95,95,95,95,0,0,95,94,0,94,0,0,0,94,94,0,94,0,93,0,0,93,93,0,0,93,0,0,0,0,93,0,92,0,92,92,0,92,0,0,0,92,0,91,0,0,0,91,91,91,91,0,90,0,0,90,0,0,90,90,0,90,89,0,0,0,89,89,0,0,0,0,0,0,0,0,0,89,0,89,0,0,0,88,0,88,0,0,88,88,88,87,87,0,0,0,87,0,0,0,0,87,87,0,0,86,0,0,86,0,0,0,86,86,0,86,86,85,0,0,0,0,0,85,0,0,0,0,0,0,0,0,85,85,85,0,84,84,0,84,0,0,84,84,0,0,0,0,0,0,83,0,0,83,0,0,0,0,0,0,83,0,0,0,83,83,83,0,0,0,82,0,0,0,82,0,0,0,0,0,0,0,0,82,0,0,0,0,82,0,82,81,81,0,0,0,81,0,0,0,37017,0
uksm,-1,-1,-1,-1,-1,-1,-1,-1,-1,-1,-1,-1,-1,-1,-1,-1,-1,-1,-1,-1,-1,-1,-1,-1,-1,-1,-1,-1,-1,-1,-1,-1,-1,-1,-1,-1,-1,-1,-1,-1,-1,-1,-1,-1,-1,-1,-1,-1,-1,-1,-1,-1,-1,-1,-1,-1,-1,-1,-1,-1,-1,-1,-1,-1,-1,-1,-1,-1,-1,-1,-1,-1,-1,-1,-1,-1,-1,-1,-1,-1,-1,-1,-1,-1,-1,-1,-1,-1,-1,-1,-1,-1,-1,-1,-1,-1,-1,-1,-1,-1,-1,-1,-1,-1,-1,-1,-1,-1,-1,-1,-1,-1,-1,-1,-1,-1,-1,-1,-1,-1,-1,-1,-1,-1,-1,-1,-1,-1,-1,-1,-1,-1,-1,-1,-1,-1,-1,-1,-1,-1,-1,-1,-1,-1,-1,-1,-1,-1,-1,-1,-1,-1,-1,-1,-1,-1,-1,-1,-1,-1,-1,-1,-1,-1,-1,-1,-1,-1,-1,-1,-1,-1,-1,-1,-1,-1,-1,-1,-1,-1,-1,-1,-1,-1,-1,-1,-1,-1,-1,-1,-1,-1,-1,-1,-1,-1,-1,-1,-1,-1,-1,-1,-1,-1,-1,-1,-1,-1,-1,-1,-1,-1,-1,-1,-1,-1,-1,-1,-1,-1,-1,-1,-1,-1,-1,-1,-1,-1,-1,-1,-1,-1,-1,-1,-1,-1,-1,-1,-1,-1,-1,-1,-1,-1,-1,-1,-1,-1,-1,-1,-1,-1,-1,-1,-1,-1,-1,-1,-1,-1,-1,-1,-1,-1,-1,-1,-1,-1,-1,-1,-1,-1,-1,-1,-1,-1,-1,-1,-1,-1,-1,-1,-1,-1,-1,-1,-1,-1,-1,-1,-1,-1,-1,-1,-1,-1,-1,-1,-1,-1,-1,-1,-1,-1,-1,-1,-1,-1,-1,-1,-1,-1,-1,-1,-1,-1,-1,-1,-1,-1,-1,-1,-1,-1,-1,-1,-1,-1,-1,-1,-1,-1,-1,-1,-1,-1,-1,-1,-1,-1,-1,-1,-1,-1,-1,-1,-1,-1,-1,-1,-1,-1,-1,-1,-1,-1,-1,-1,-1,-1,-1,-1,-1,-1,-1,-1,-1,-1,-1,-1,-1,-1,-1,-1,-1,-1,-1,-1,-1,-1,-1,-1,-1,-1,-1,-1,-1,-1,-1,-1,-1,-1,-1,-1,-1,-1,-1,-1,-1,-1,-1,-1,-1,-1,-1,-1,-1,-1,-1,-1,-1,-1,-1,-1,-1,-1,-1,-1,-1,-1,-1,-1,-1,-1,-1,-1,-1,-1,-1,-1,-1,-1,-1,-1,-1,-1,-1,-1,-1,-1,-1,-1,-1,-1,-1,-1,-1,-1,-1,-1,-1,-1,-1,-1,-1,-1,-1,-1,-1,-1,-1,-1,-1,-1,-1,-1,-1,-1,-1,-1,-1,-1,-1,-1,-1,-1,-1,-1,-1,-1,-1,-1,-1,-1,-1,-1,-1,-1,-1,-1,-1,-1,-1,-1,-1,-1,-1,-1,-1,-1,-1,-1,-1,-1,-1,-1,-1,-1,-1,-1,-1,-1,-1,-1,-1,-1,-1,-1,-1,-1,-1,-1,-1,-1,-1,-1,-1,-1,-1,-1,-1,-1,-1,-1,-1,-1,-1,-1,-1,-1,-1,-1,-1,-1,-1,-1,-1,-1,-1,-1,-1,-1,-1,-1,-1,-1,-1,-1,-1,-1,-1,-1,-1,-1,-1,-1,-1,-1,-1,-1,-1,-1,-1,-1,-1,-1,-1,-1,-1,-1,-1,-1,-1,-1,-1,-1,-1,-1,-1,-1,-1,-1,-1,-1,-1,-1,-1,-1,-1,-1,-1,-1,-1,-1,-1,-1,-1,-1,-1,-1,-1,-1,-1,-1,-1,-1,-1,-1,-1,-1,-1,-1,-1,-1,-1,-1,-1,-1,-1,-1,-1,-1,-1,-1,-1,-1,-1,-1,-1,-1,-1,-1,-1,-1,-1,-1,-1,-1,-1,-1,-1,-1,-1,-1,-1,-1,-1,-1,-1,-1,-1,-1,-1,-1,-1,-1,-1,-1,-1,-1,-1,-1,-1,-1,-1,-1,-1,-1,-1,-1,-1,-1,-1,-1,-1,-1,-1,-1,-1,-1,-1,-1,-1,-1,-1,-1,-1,-1,-1,-1,-1,-1,-1,-1,-1,-1,-1,-1,-1,-1,-1,-1,-1,-1,-1,-1,-1,-1,-1,-1,-1,-1,-1,-1,-1,-1,-1,-1,-1,-1,-1,-1,-1,-1,-1,-1,-1,-1,-1,-1,-1,-1,-1,-1,-1,-1,-1,-1,-1,-1,-1,-1,-1,-1,-1,-1,-1,-1,-1,-1,-1,-1,-1,-1,-1,-1,-1,-1,-1,-1,-1,-1,-1,-1,-1,-1,-1,-1,-1,-1,-1,-1,-1,-1,-1,-1,-1,-1,-1,-1,-1,-1,-1,-1,-1,-1,-1,-1,-1,-1,-1,-1,-1,-1,-1,-1,-1,-1,-1,-1,-1,-1,-1,-1,-1,-1,-1,-1,-1,-1,-1,-1,-1,-1,-1,-1,-1,-1,-1,-1,-1,-1,-1,-1,-1,-1,-1,-1,-1,-1,-1,-1,-1,-1,-1,-1,-1,-1,-1,-1,-1,-1,-1,-1,-1,-1,-1,-1,-1,-1,-1,-1,-1,-1,-1,-1,-1,-1,-1,-1,-1,-1,-1,-1,-1,-1,-1,-1,-1,-1,-1,-1,-1,-1,-1,-1,-1,-1,-1,-1,-1,-1,-1,-1,-1,-1,-1,-1,-1,-1,-1,-1,-1,-1,-1,-1,-1,-1,-1,-1,-1,-1,-1,-1,-1,-1,-1,-1,-1,-1,-1,-1,-1,-1,-1,-1,-1,-1,-1,-1,-1,-1,-1,-1,-1,-1,-1,-1,-1,-1,-1,-1,-1,-1,-1,-1,-1,-1,-1,-1,-1,-1,-1,-1,-1,-1,-1,-1,-1,-1,-1,-1,-1,-1,-1,-1,-1,-1,-1,-1,-1,-1,-1,-1,-1,-1,-1,-1,-1,-1,-1,-1,-1,-1,-1,-1,-1,-1,-1,-1,-1,-1,-1,-1,-1,-1,-1,-1,-1,-1
Coledea,0,0,0,0,0,0,0,0,0,0,0,0,0,0,0,0,0,0,0,0,0,0,0,0,0,0,0,0,0,0,0,0,0,0,0,0,0,0,0,0,0,0,0,0,0,0,0,0,0,0,0,0,0,0,0,0,0,0,0,0,0,0,0,0,0,0,0,0,0,0,0,0,0,0,0,0,0,0,0,0,0,0,0,0,0,0,0,0,0,0,0,0,0,0,0,0,0,0,0,0,0,0,0,0,0,0,0,0,0,0,0,0,0,0,0,0,0,0,0,0,0,0,0,0,0,0,0,0,0,0,0,0,0,0,0,0,0,0,0,0,0,0,0,0,0,0,0,0,0,0,0,0,0,0,0,0,0,0,0,0,0,0,0,0,0,0,0,0,0,0,0,0,0,0,0,0,0,0,0,0,0,0,0,0,0,0,0,0,0,0,0,0,0,0,0,0,0,0,0,0,0,0,0,0,0,0,0,0,0,0,0,0,0,0,0,0,0,0,0,0,0,0,0,0,0,0,0,0,0,0,0,0,0,0,0,0,0,0,0,0,0,0,0,0,0,0,0,0,0,0,0,0,0,0,0,0,0,0,0,0,0,0,0,0,0,0,0,0,0,0,0,0,0,0,0,0,0,0,0,0,0,0,0,0,0,0,0,0,0,0,0,0,0,0,0,0,0,0,0,0,0,0,0,0,0,0,0,0,0,0,0,0,0,0,0,0,0,0,0,0,0,0,0,0,0,0,0,0,0,0,0,0,0,0,0,0,0,0,0,0,0,0,0,0,0,0,0,0,0,0,0,0,0,0,0,0,0,0,0,0,0,0,0,0,0,0,0,0,0,0,0,0,0,0,0,0,0,0,0,0,0,0,0,0,0,0,0,0,0,0,0,0,0,0,0,0,0,0,0,0,0,0,0,0,0,0,0,0,0,0,0,0,0,0,0,0,0,0,0,0,0,0,0,0,0,0,0,0,0,0,0,0,0,0,0,0,0,0,0,0,0,0,0,0,0,0,0,0,0,0,0,0,0,0,0,0,0,0,0,0,0,0,0,0,0,0,0,0,0,0,0,0,0,0,0,0,0,0,0,0,0,0,0,0,0,0,0,0,0,0,0,0,0,0,0,0,0,0,0,0,0,0,0,0,0,0,0,0,0,0,0,0,0,0,0,0,0,0,0,0,0,0,0,0,0,0,0,0,0,0,0,0,0,0,0,0,0,0,0,0,0,0,0,0,0,0,0,0,0,0,0,0,0,0,0,0,0,0,0,0,0,0,0,0,0,0,0,0,0,0,0,0,0,0,0,0,0,0,0,0,0,0,0,0,0,0,0,0,0,0,0,0,0,0,0,0,0,0,0,0,0,0,0,0,0,0,0,0,0,0,0,0,0,0,0,0,0,0,0,0,0,0,0,0,0,0,0,0,0,0,0,0,0,0,0,0,0,0,0,0,0,0,0,0,0,0,0,0,0,0,0,0,0,0,0,0,0,0,0,0,0,0,0,0,0,0,0,0,0,0,0,0,0,0,0,0,0,0,0,0,0,0,0,0,0,0,0,0,0,0,0,0,0,0,0,0,0,0,0,0,0,0,0,0,0,0,0,0,0,0,0,0,0,0,0,0,0,0,0,0,0,0,0,0,0,0,0,0,0,0,0,0,0,0,0,0,0,0,0,0,0,0,0,0,0,0,0,0,0,0,0,0,0,0,0,0,0,0,0,0,0,0,0,0,0,0,0,0,0,0,0,0,0,0,0,0,0,0,0,0,0,0,0,0,0,0,0,0,0,0,0,0,0,0,0,0,0,0,0,0,0,0,0,0,0,0,0,0,0,0,0,0,0,0,0,0,0,0,0,0,0,0,0,0,0,0,0,0,0,0,0,0,0,0,0,0,0,0,0,0,0,0,0,0,0,0,0,0,0,0,0,0,0,0,0,0,0,0,0,0,0,0,0,0,0,0,0,0,0,0,0,0,0,787,787,787,787,787,787,787,787,787,787,787,787,787,787,787,787,787,787,787,787,787,787,787,787,787,787,787,787,787,787,787,787,787,787,787,787,787,787,787,787,787,787,787,787,787,787,787,787,787,787,787,787,787,787,787,787,787,787,787,787,787,787,787,787,787,787,787,787,787,787,787,787,787,787,787,787,788,788,788,788,788,788,788,788,788,788,788,788,788,788,788,788,788,788,788,788,788,788,788,788,788,788,788,788,788,788,788,788,788,788,788,788,788,788,788,788,788,788,788,788,788,788,788,788,591,443,1330
